Store Name,URL,Address,Phone Number
"Benkovac, Ulica kralja Dmitra Zvonimira 4",https://www.prima-namjestaj.hr/prima-namjestaj-benkovac,"Ulica kralja Dmitra Zvonimira 4
23420 Benkovac",023/627-111
"Bjelovar, A. K. Miošića 26",https://www.prima-namjestaj.hr/prima-namjestaj-bjelovar-miosica-26,"A. K. Miošića 26
43000 Bjelovar",043/241-479
"Bjelovar 2, Pakračka ulica 2",https://www.prima-namjestaj.hr/prima-namjestaj-bjelovar-pakracka-ulica-2,"Pakračka ulica 2
43000 Bjelovar",043/217-599
"Čakovec, Neumanova ulica 1",https://www.prima-namjestaj.hr/prima-namjestaj-cakovec,"Neumanova ulica 1
40000 Čakovec",040/328-195
"Daruvar, Ulica Petra Preradovića 106",https://www.prima-namjestaj.hr/prima-namjestaj-daruvar,"Ulica Petra Preradovića 106
43500 Daruvar",043/331-506
