Href,Title
https://www.prima-namjestaj.hr/prima-namjestaj-benkovac,"Benkovac, Ulica kralja Dmitra Zvonimira 4"
https://www.prima-namjestaj.hr/prima-namjestaj-bjelovar-miosica-26,"Bjelovar, A. K. Miošića 26"
https://www.prima-namjestaj.hr/prima-namjestaj-bjelovar-pakracka-ulica-2,"Bjelovar 2, Pakračka ulica 2"
https://www.prima-namjestaj.hr/prima-namjestaj-cakovec,"Čakovec, Neumanova ulica 1"
https://www.prima-namjestaj.hr/prima-namjestaj-daruvar,"Daruvar, Ulica Petra Preradovića 106"
https://www.prima-namjestaj.hr/prima-namjestaj-dubrovnik,"Dubrovnik, Tomislava Macana 2 ( Čibača )"
https://www.prima-namjestaj.hr/prima-namjestaj-djakovo,"Đakovo, Industrijska zona bb"
https://www.prima-namjestaj.hr/prima-namjestaj-durdevac,"Đurđevac, Ulica Matije Gupca 106"
https://www.prima-namjestaj.hr/prima-namjestaj-gospic,"Gospić, Trg Stjepana Radića bb"
https://www.prima-namjestaj.hr/prima-namjestaj-imotski,"Imotski, Put Gaja 17"
https://www.prima-namjestaj.hr/prima-namjestaj-karlovac,"Karlovac, M.Laginje 1"
https://www.prima-namjestaj.hr/prima-namjestaj-knin,"Knin, Sinjska ulica 10"
https://www.prima-namjestaj.hr/prima-namjestaj-koprivnica,"Koprivnica, Radnička cesta 10"
https://www.prima-namjestaj.hr/prima-namjestaj-krapina,"Krapina, Ulica Frana Galovića 6A"
https://www.prima-namjestaj.hr/prima-namjestaj-krk,"Krk, Stjepana Radića bb"
https://www.prima-namjestaj.hr/prima-namjestaj-kutina,"Kutina, Poduzetnička zona 2"
https://www.prima-namjestaj.hr/prima-namjestaj-labin,"Labin, Štembergerova ulica 1/c"
https://www.prima-namjestaj.hr/prima-namjestaj-makarska,"Makarska, Veliko Brdo 1a"
https://www.prima-namjestaj.hr/prima-namjestaj-mali-losinj,"Mali Lošinj, Dražica 18 a"
https://www.prima-namjestaj.hr/prima-namjestaj-metkovic,"Metković, Splitska 57a (Retail park)"
https://www.prima-namjestaj.hr/prima-namjestaj-nasice,"Našice, Ulica kralja Petra Krešimira IV 6"
https://www.prima-namjestaj.hr/prima-namjestaj-nova-gradiska,"Nova Gradiška, Trg kralja Tomislava 12"
https://www.prima-namjestaj.hr/prima-namjestaj-novalja,"Novalja, Obilaznica 9"
https://www.prima-namjestaj.hr/prima-namjestaj-novigrad-istra,"Novigrad ( Istra ), Stancija Vinjeri bb"
https://www.prima-namjestaj.hr/prima-namjestaj-ogulin,"Ogulin, Otok Oštarijski 100c"
https://www.prima-namjestaj.hr/prima-namjestaj-osijek,"Osijek, Ul.Sv. Leopolda B. Mandića 50a"
https://www.prima-namjestaj.hr/prima-namjestaj-osijek-outlet,"OUTLET Osijek, Ul.Sv. Leopolda B. Mandića 50a"
https://www.prima-namjestaj.hr/prima-namjestaj-pakrac,"Pakrac, Ulica Matije Gupca 132"
https://www.prima-namjestaj.hr/prima-namjestaj-porec,"Poreč, Ulica Rade Končara 1a"
https://www.prima-namjestaj.hr/prima-namjestaj-pozega,"Požega, Zagrebačka  ulica 48"
https://www.prima-namjestaj.hr/prima-namjestaj-pula,"Pula, Industrijska ul. 13"
https://www.prima-namjestaj.hr/prima-namjestaj-rijeka,"Rijeka, Osječka ulica 67a"
https://www.prima-namjestaj.hr/prima-namjestaj-rijeka-kukuljanovo,"Rijeka, Kukuljanovo 361"
https://www.prima-namjestaj.hr/prima-namjestaj-sinj,"Sinj, Lumbinov most 27"
https://www.prima-namjestaj.hr/prima-namjestaj-sisak,"Sisak, Galdovačka ulica 4"
https://www.prima-namjestaj.hr/prima-namjestaj-slatina,"Slatina, Industrijska ul. 3a"
https://www.prima-namjestaj.hr/prima-namjestaj-slavonski-brod,"Slavonski Brod, Osječka 284 (Supernova Slavonski Brod)"
https://www.prima-namjestaj.hr/prima-namjestaj-split,"Split, Solinska ulica 84"
https://www.prima-namjestaj.hr/prima-namjestaj-sibenik,"Šibenik, Dalmare centar"
https://www.prima-namjestaj.hr/prima-namjestaj-trogir,"Trogir, Trogirska cesta 15"
https://www.prima-namjestaj.hr/prima-namjestaj-valpovo,"Valpovo, Bizovačka 11"
https://www.prima-namjestaj.hr/prima-namjestaj-varazdin-ivana-severa-2,"Varaždin, Ulica Ivana Severa 2"
https://www.prima-namjestaj.hr/prima-namjestaj-zagreb-velika-gorica,"Velika Gorica, Ulica Slavka Kolara 2"
https://www.prima-namjestaj.hr/prima-namjestaj-vinkovci,"Vinkovci, H.V.Hrvatinića 100a"
https://www.prima-namjestaj.hr/prima-namjestaj-virovitica,"Virovitica, Vinkovačka cesta 4"
https://www.prima-namjestaj.hr/prima-namjestaj-vrbovec,"Vrbovec, Kralja Tomislava bb"
https://www.prima-namjestaj.hr/prima-namjestaj-vukovar,"Vukovar, Priljevo 203e"
https://www.prima-namjestaj.hr/prima-namjestaj-zabok,"Zabok, Prilaz Dr.Franje Tuđmana 7b"
https://www.prima-namjestaj.hr/prima-namjestaj-zadar,"Zadar, Ul. 159. Brigade 11"
https://www.prima-namjestaj.hr/outlet-prima-zadar,"OUTLET Zadar, Benkovačka cesta 1a"
https://www.prima-namjestaj.hr/prima-namjestaj-zagreb-dubrava,"Zagreb, Dubrava"
https://www.prima-namjestaj.hr/prima-namjestaj-zagreb-jankomir,"Zagreb, Jankomir"
https://www.prima-namjestaj.hr/prima-namjestaj-zagreb-kajzerica,"Zagreb, Kajzerica"
https://www.prima-namjestaj.hr/prima-namjestaj-zagreb-sesvete,"Zagreb, Sesvete"
https://www.prima-namjestaj.hr/prima-namjestaj-zupanja,"Županja, Bošnjačka 7"
